{"stats":{"minecraft:broken":{"minecraft:wooden_axe":2},"minecraft:mined":{"minecraft:granite":2,"minecraft:grass_block":97,"minecraft:cyan_bed":1,"minecraft:sugar_cane":1,"minecraft:spawner":1,"minecraft:hay_block":3,"byg:orchard_leaves":1136,"byg:red_oak_leaves":1,"minecraft:iron_ore":4,"byg:short_grass":6,"treechop:chopped_log":82,"minecraft:grass":28,"minecraft:oak_log":279,"minecraft:coal_ore":22,"minecraft:iron_bars":1,"byg:ripe_orchard_leaves":135,"minecraft:dirt":85,"byg:flowering_orchard_leaves":114,"minecraft:stone":192,"minecraft:oak_leaves":1,"tconstruct:copper_ore":2},"minecraft:crafted":{"minecraft:oak_planks":100,"minecraft:stone_shovel":9,"minecraft:crafting_table":3,"minecraft:wooden_pickaxe":2,"supertools:hammerstone":1,"supertools:shovelstone":1,"minecraft:stick":56,"minecraft:stone_pickaxe":9,"minecraft:wooden_axe":2,"minecraft:chest":6,"minecraft:wheat":27},"minecraft:used":{"minecraft:iron_bars":1,"supertools:hammerstone":27,"minecraft:chest":2,"minecraft:wooden_pickaxe":31,"minecraft:dirt":3,"minecraft:crafting_table":3,"supertools:shovelstone":40,"minecraft:wooden_axe":112,"minecraft:apple":17,"byg:orchard_sapling":6,"minecraft:beef":4},"minecraft:picked_up":{"minecraft:wooden_axe":1,"minecraft:wheat":6,"aoa3:copper_coin":5,"minecraft:wooden_pickaxe":1,"tconstruct:materials_and_you":1,"minecraft:oak_log":271,"byg:orchard_sapling":40,"minecraft:lapis_lazuli":15,"minecraft:dirt":179,"minecraft:string":8,"minecraft:bone":2,"minecraft:apple":189,"minecraft:wheat_seeds":6,"minecraft:bucket":1,"minecraft:beef":2,"minecraft:iron_ingot":2,"minecraft:iron_ore":4,"minecraft:sugar_cane":3,"minecraft:oak_planks":88,"minecraft:egg":1,"minecraft:stick":20,"tconstruct:copper_ore":2,"minecraft:ink_sac":4,"minecraft:cyan_bed":1,"alexsmobs:animal_dictionary":1,"aoa3:crimson_skipper":1,"minecraft:rotten_flesh":7,"minecraft:hay_block":3,"minecraft:granite":2,"minecraft:golden_apple":2,"minecraft:bread":2,"minecraft:mutton":13,"minecraft:iron_bars":1,"minecraft:cod":1,"minecraft:coal":22,"minecraft:white_wool":5,"minecraft:cobblestone":190},"minecraft:custom":{"minecraft:mob_kills":8,"minecraft:interact_with_crafting_table":9,"minecraft:open_barrel":7,"minecraft:play_one_minute":54123,"minecraft:leave_game":4,"minecraft:time_since_death":25350,"minecraft:sleep_in_bed":3,"minecraft:climb_one_cm":1982,"minecraft:time_since_rest":6221,"minecraft:sprint_one_cm":81683,"minecraft:damage_taken":665,"minecraft:walk_one_cm":121553,"minecraft:damage_dealt":960,"minecraft:swim_one_cm":2283,"minecraft:talked_to_villager":3,"minecraft:fly_one_cm":138149,"minecraft:open_chest":7,"minecraft:crouch_one_cm":5481,"minecraft:deaths":1,"minecraft:sneak_time":1536,"minecraft:walk_under_water_one_cm":2323,"minecraft:jump":993,"minecraft:walk_on_water_one_cm":14477,"minecraft:fall_one_cm":19687},"minecraft:killed_by":{"minecraft:skeleton":1},"minecraft:killed":{"aoa3:bugeye":1,"minecraft:sheep":4,"minecraft:skeleton":2,"born_in_chaos_v1:dread_hound":1}},"DataVersion":2586}