{"stats":{"minecraft:picked_up":{"minecraft:stick":2,"minecraft:oak_log":50,"byg:orchard_sapling":6,"minecraft:ink_sac":2,"minecraft:apple":55,"minecraft:wheat_seeds":2,"minecraft:mutton":2,"minecraft:iron_bars":1,"minecraft:white_wool":1},"minecraft:custom":{"minecraft:time_since_rest":15109,"minecraft:sprint_one_cm":51814,"minecraft:damage_taken":210,"minecraft:walk_one_cm":45222,"minecraft:mob_kills":1,"minecraft:damage_dealt":70,"minecraft:swim_one_cm":713,"minecraft:interact_with_crafting_table":1,"minecraft:fly_one_cm":84226,"minecraft:open_barrel":4,"minecraft:open_chest":3,"minecraft:crouch_one_cm":1481,"minecraft:play_one_minute":26165,"minecraft:sneak_time":343,"minecraft:walk_under_water_one_cm":245,"minecraft:jump":539,"minecraft:leave_game":3,"minecraft:walk_on_water_one_cm":5306,"minecraft:time_since_death":26165,"minecraft:sleep_in_bed":1,"minecraft:climb_one_cm":1294,"minecraft:fall_one_cm":13715},"minecraft:used":{"minecraft:wooden_axe":14,"minecraft:apple":7,"minecraft:wooden_pickaxe":4,"byg:orchard_sapling":2,"minecraft:beef":1,"minecraft:crafting_table":1},"minecraft:killed":{"minecraft:sheep":1},"minecraft:crafted":{"minecraft:oak_planks":100,"minecraft:crafting_table":1,"minecraft:stick":4,"minecraft:wooden_pickaxe":1,"minecraft:wooden_axe":1},"minecraft:mined":{"byg:orchard_leaves":289,"byg:red_oak_leaves":1,"byg:short_grass":1,"treechop:chopped_log":24,"minecraft:grass":10,"minecraft:oak_log":50,"minecraft:iron_bars":1,"byg:ripe_orchard_leaves":38,"byg:flowering_orchard_leaves":30,"minecraft:oak_leaves":1,"minecraft:spawner":1}},"DataVersion":2586}