{"stats":{"minecraft:crafted":{"minecraft:oak_planks":100,"minecraft:crafting_table":1,"minecraft:stick":4,"minecraft:wooden_pickaxe":1,"minecraft:wooden_axe":1},"minecraft:mined":{"byg:orchard_leaves":289,"byg:red_oak_leaves":1,"byg:short_grass":1,"treechop:chopped_log":24,"minecraft:grass":11,"minecraft:oak_log":50,"minecraft:iron_bars":1,"byg:ripe_orchard_leaves":38,"byg:flowering_orchard_leaves":30,"minecraft:oak_leaves":1,"minecraft:spawner":1},"minecraft:used":{"minecraft:wooden_axe":20,"minecraft:iron_bars":1,"minecraft:apple":10,"minecraft:wooden_pickaxe":4,"byg:orchard_sapling":2,"minecraft:beef":2,"minecraft:crafting_table":1},"minecraft:picked_up":{"minecraft:wooden_axe":1,"minecraft:stick":4,"tconstruct:materials_and_you":1,"minecraft:wooden_pickaxe":1,"minecraft:oak_log":75,"byg:orchard_sapling":10,"minecraft:ink_sac":4,"alexsmobs:animal_dictionary":1,"minecraft:string":8,"aoa3:crimson_skipper":1,"minecraft:rotten_flesh":7,"minecraft:apple":91,"minecraft:wheat_seeds":2,"minecraft:bucket":1,"minecraft:iron_ingot":2,"minecraft:beef":2,"minecraft:bread":2,"minecraft:oak_planks":58,"minecraft:mutton":7,"minecraft:cod":1,"minecraft:iron_bars":1,"minecraft:white_wool":2},"minecraft:custom":{"minecraft:time_since_rest":1383,"minecraft:sprint_one_cm":58385,"minecraft:damage_taken":530,"minecraft:walk_one_cm":49708,"minecraft:mob_kills":2,"minecraft:damage_dealt":305,"minecraft:swim_one_cm":713,"minecraft:interact_with_crafting_table":1,"minecraft:fly_one_cm":94080,"minecraft:open_barrel":4,"minecraft:open_chest":3,"minecraft:play_one_minute":30123,"minecraft:crouch_one_cm":1481,"minecraft:deaths":1,"minecraft:sneak_time":343,"minecraft:walk_under_water_one_cm":245,"minecraft:jump":590,"minecraft:leave_game":4,"minecraft:walk_on_water_one_cm":5306,"minecraft:time_since_death":1350,"minecraft:sleep_in_bed":1,"minecraft:climb_one_cm":1294,"minecraft:fall_one_cm":15538},"minecraft:killed_by":{"minecraft:skeleton":1},"minecraft:killed":{"minecraft:sheep":1,"minecraft:skeleton":1}},"DataVersion":2586}