{"stats":{"minecraft:killed":{"aoa3:charger":1,"born_in_chaos_v1:wither_strider":1,"aoa3:cyclops":1,"aoa3:bugeye":1,"minecraft:sheep":4,"minecraft:skeleton":2,"minecraft:zombie":2,"born_in_chaos_v1:dread_hound":1,"minecraft:chicken":1},"minecraft:killed_by":{"minecraft:skeleton":1,"born_in_chaos_v1:wither_strider":1},"minecraft:broken":{"minecraft:wooden_axe":2,"supertools:shovelstone":1},"minecraft:dropped":{"minecraft:wheat_seeds":5,"byg:magenta_amaranth":1,"byg:orange_amaranth":1,"byg:purple_amaranth":4},"minecraft:custom":{"minecraft:mob_kills":14,"minecraft:interact_with_crafting_table":11,"minecraft:open_barrel":7,"minecraft:play_one_minute":97746,"minecraft:leave_game":5,"minecraft:time_since_death":33264,"minecraft:sleep_in_bed":5,"minecraft:climb_one_cm":1982,"minecraft:time_since_rest":21141,"minecraft:sprint_one_cm":106467,"minecraft:damage_taken":990,"minecraft:walk_one_cm":272180,"minecraft:drop":7,"minecraft:damage_dealt":2000,"minecraft:swim_one_cm":2549,"minecraft:talked_to_villager":4,"minecraft:fly_one_cm":189615,"minecraft:open_chest":11,"minecraft:crouch_one_cm":34723,"minecraft:deaths":2,"minecraft:sneak_time":8308,"minecraft:walk_under_water_one_cm":2824,"minecraft:jump":1725,"minecraft:walk_on_water_one_cm":20839,"minecraft:fall_one_cm":30514},"minecraft:used":{"minecraft:water_bucket":26,"minecraft:iron_bars":1,"supertools:hammerstone":27,"minecraft:chest":2,"minecraft:wooden_pickaxe":31,"minecraft:dirt":570,"minecraft:mutton":1,"minecraft:crafting_table":3,"supertools:shovelstone":227,"minecraft:wooden_axe":112,"minecraft:apple":19,"minecraft:cyan_bed":2,"byg:amaranth":1,"byg:orchard_sapling":6,"minecraft:stone_axe":97,"minecraft:beef":4,"minecraft:bucket":27,"minecraft:egg":1},"minecraft:picked_up":{"minecraft:wooden_axe":1,"minecraft:wheat":33,"supertools:hammerstone":1,"minecraft:feather":4,"aoa3:copper_coin":5,"minecraft:chicken":2,"byg:purple_amaranth":4,"minecraft:water_bucket":1,"tconstruct:materials_and_you":2,"minecraft:wooden_pickaxe":2,"byg:amaranth":1,"minecraft:oak_log":551,"byg:orchard_sapling":116,"byg:magenta_amaranth":2,"minecraft:lapis_lazuli":15,"minecraft:string":20,"minecraft:dirt":1454,"minecraft:bone":3,"minecraft:apple":395,"minecraft:wheat_seeds":21,"minecraft:bucket":1,"minecraft:beef":2,"minecraft:iron_ingot":2,"aoa3:raw_charger_shank":1,"minecraft:iron_ore":8,"minecraft:sugar_cane":12,"minecraft:oak_planks":88,"minecraft:egg":4,"minecraft:stick":71,"tconstruct:copper_ore":4,"minecraft:gravel":2,"minecraft:ink_sac":4,"minecraft:cyan_bed":2,"byg:cattail":1,"alexsmobs:animal_dictionary":1,"aoa3:crimson_skipper":1,"minecraft:rotten_flesh":11,"supertools:shovelstone":1,"minecraft:stone_axe":1,"byg:orange_amaranth":3,"minecraft:hay_block":3,"minecraft:granite":4,"minecraft:golden_apple":2,"minecraft:bread":2,"minecraft:mutton":19,"minecraft:coal":45,"minecraft:iron_bars":1,"minecraft:cod":2,"minecraft:cobblestone":341,"minecraft:white_wool":8},"minecraft:mined":{"byg:cattail":2,"minecraft:granite":2,"minecraft:grass_block":466,"byg:amaranth":1,"minecraft:cyan_bed":2,"minecraft:sugar_cane":3,"minecraft:spawner":1,"minecraft:hay_block":3,"byg:orchard_sapling":1,"byg:orchard_leaves":2173,"byg:red_oak_leaves":1,"minecraft:iron_ore":4,"byg:short_grass":12,"byg:purple_amaranth":1,"treechop:chopped_log":154,"minecraft:grass":49,"byg:magenta_amaranth":1,"minecraft:oak_log":543,"minecraft:coal_ore":22,"minecraft:iron_bars":1,"byg:ripe_orchard_leaves":245,"minecraft:gravel":2,"minecraft:dirt":841,"byg:flowering_orchard_leaves":210,"minecraft:stone":192,"minecraft:oak_leaves":1,"tconstruct:copper_ore":2},"minecraft:crafted":{"minecraft:oak_planks":100,"minecraft:stone_shovel":18,"minecraft:crafting_table":3,"minecraft:wooden_pickaxe":2,"supertools:hammerstone":1,"minecraft:stone_axe":1,"supertools:shovelstone":2,"minecraft:stick":56,"minecraft:stone_pickaxe":9,"minecraft:wooden_axe":2,"minecraft:chest":6,"minecraft:wheat":27}},"DataVersion":2586}