{"stats":{"minecraft:killed":{"aoa3:charger":1,"born_in_chaos_v1:wither_strider":1,"aoa3:bugeye":1,"minecraft:sheep":4,"minecraft:skeleton":2,"minecraft:zombie":2,"born_in_chaos_v1:dread_hound":1,"minecraft:chicken":1},"minecraft:killed_by":{"minecraft:skeleton":1,"born_in_chaos_v1:wither_strider":1},"minecraft:broken":{"minecraft:wooden_axe":2},"minecraft:dropped":{"minecraft:wheat_seeds":5},"minecraft:custom":{"minecraft:mob_kills":13,"minecraft:interact_with_crafting_table":10,"minecraft:open_barrel":7,"minecraft:play_one_minute":65605,"minecraft:leave_game":4,"minecraft:time_since_death":1123,"minecraft:sleep_in_bed":4,"minecraft:climb_one_cm":1982,"minecraft:time_since_rest":1157,"minecraft:sprint_one_cm":92146,"minecraft:damage_taken":930,"minecraft:walk_one_cm":164987,"minecraft:drop":2,"minecraft:damage_dealt":1750,"minecraft:swim_one_cm":2549,"minecraft:talked_to_villager":3,"minecraft:fly_one_cm":161947,"minecraft:open_chest":7,"minecraft:crouch_one_cm":5530,"minecraft:deaths":2,"minecraft:sneak_time":1541,"minecraft:walk_under_water_one_cm":2824,"minecraft:jump":1218,"minecraft:walk_on_water_one_cm":18750,"minecraft:fall_one_cm":24375},"minecraft:used":{"minecraft:water_bucket":26,"minecraft:iron_bars":1,"supertools:hammerstone":27,"minecraft:chest":2,"minecraft:wooden_pickaxe":31,"minecraft:dirt":3,"minecraft:crafting_table":3,"supertools:shovelstone":53,"minecraft:wooden_axe":112,"minecraft:apple":18,"minecraft:cyan_bed":1,"byg:orchard_sapling":6,"minecraft:stone_axe":66,"minecraft:beef":4,"minecraft:bucket":27,"minecraft:egg":1},"minecraft:picked_up":{"minecraft:wooden_axe":1,"supertools:hammerstone":1,"minecraft:wheat":33,"minecraft:feather":4,"aoa3:copper_coin":5,"minecraft:chicken":2,"minecraft:water_bucket":1,"tconstruct:materials_and_you":2,"minecraft:wooden_pickaxe":2,"minecraft:oak_log":498,"byg:orchard_sapling":105,"minecraft:lapis_lazuli":15,"minecraft:dirt":413,"minecraft:string":20,"minecraft:bone":3,"minecraft:apple":343,"minecraft:wheat_seeds":12,"minecraft:bucket":1,"aoa3:raw_charger_shank":1,"minecraft:iron_ingot":2,"minecraft:beef":2,"minecraft:iron_ore":8,"minecraft:sugar_cane":6,"minecraft:oak_planks":88,"minecraft:egg":4,"minecraft:stick":62,"tconstruct:copper_ore":4,"minecraft:ink_sac":4,"minecraft:cyan_bed":1,"alexsmobs:animal_dictionary":1,"aoa3:crimson_skipper":1,"minecraft:rotten_flesh":11,"supertools:shovelstone":1,"minecraft:stone_axe":1,"byg:orange_amaranth":2,"minecraft:hay_block":3,"minecraft:granite":4,"minecraft:golden_apple":2,"minecraft:bread":2,"minecraft:mutton":19,"minecraft:cod":2,"minecraft:iron_bars":1,"minecraft:coal":45,"minecraft:white_wool":8,"minecraft:cobblestone":341},"minecraft:mined":{"minecraft:granite":2,"minecraft:grass_block":124,"minecraft:cyan_bed":1,"minecraft:sugar_cane":1,"minecraft:spawner":1,"minecraft:hay_block":3,"byg:orchard_sapling":1,"byg:orchard_leaves":1873,"byg:red_oak_leaves":1,"minecraft:iron_ore":4,"byg:short_grass":10,"treechop:chopped_log":128,"minecraft:grass":39,"minecraft:oak_log":491,"minecraft:coal_ore":22,"minecraft:iron_bars":1,"byg:ripe_orchard_leaves":215,"minecraft:dirt":120,"byg:flowering_orchard_leaves":186,"minecraft:stone":192,"minecraft:oak_leaves":1,"tconstruct:copper_ore":2},"minecraft:crafted":{"minecraft:oak_planks":100,"minecraft:stone_shovel":9,"minecraft:crafting_table":3,"minecraft:wooden_pickaxe":2,"supertools:hammerstone":1,"minecraft:stone_axe":1,"supertools:shovelstone":1,"minecraft:stick":56,"minecraft:stone_pickaxe":9,"minecraft:wooden_axe":2,"minecraft:chest":6,"minecraft:wheat":27}},"DataVersion":2586}