{"stats":{"minecraft:custom":{"minecraft:jump":69,"minecraft:time_since_rest":5616,"minecraft:damage_dealt":70,"minecraft:crouch_one_cm":1288,"minecraft:play_one_minute":5616,"minecraft:leave_game":1,"minecraft:sprint_one_cm":4476,"minecraft:time_since_death":5616,"minecraft:walk_one_cm":4926,"minecraft:sneak_time":255,"minecraft:mob_kills":1,"minecraft:fall_one_cm":1312,"minecraft:fly_one_cm":7534},"minecraft:mined":{"minecraft:grass":1,"minecraft:oak_log":1,"treechop:chopped_log":5},"minecraft:picked_up":{"minecraft:oak_log":1,"minecraft:mutton":2,"minecraft:white_wool":1},"minecraft:killed":{"minecraft:sheep":1}},"DataVersion":2586}