{"stats":{"minecraft:broken":{"minecraft:wooden_axe":1},"minecraft:crafted":{"minecraft:oak_planks":100,"minecraft:crafting_table":3,"minecraft:stick":8,"minecraft:wooden_pickaxe":2,"minecraft:wooden_axe":2},"minecraft:mined":{"byg:orchard_leaves":1136,"byg:red_oak_leaves":1,"byg:short_grass":5,"treechop:chopped_log":82,"minecraft:grass":22,"minecraft:oak_log":279,"minecraft:iron_bars":1,"byg:ripe_orchard_leaves":135,"byg:flowering_orchard_leaves":114,"minecraft:stone":27,"minecraft:oak_leaves":1,"minecraft:spawner":1},"minecraft:used":{"minecraft:wooden_axe":108,"minecraft:iron_bars":1,"minecraft:apple":14,"minecraft:wooden_pickaxe":31,"byg:orchard_sapling":6,"minecraft:beef":4,"minecraft:crafting_table":3},"minecraft:picked_up":{"minecraft:wooden_axe":1,"minecraft:stick":20,"minecraft:wheat":6,"aoa3:copper_coin":5,"tconstruct:materials_and_you":1,"minecraft:wooden_pickaxe":1,"minecraft:oak_log":271,"byg:orchard_sapling":40,"minecraft:ink_sac":4,"minecraft:lapis_lazuli":15,"alexsmobs:animal_dictionary":1,"minecraft:string":8,"aoa3:crimson_skipper":1,"minecraft:bone":2,"minecraft:rotten_flesh":7,"minecraft:apple":189,"minecraft:wheat_seeds":4,"minecraft:bucket":1,"minecraft:iron_ingot":2,"minecraft:beef":2,"minecraft:golden_apple":2,"minecraft:bread":2,"minecraft:cobblestone":27,"minecraft:oak_planks":88,"minecraft:mutton":7,"minecraft:cod":1,"minecraft:iron_bars":1,"minecraft:white_wool":2,"minecraft:egg":1},"minecraft:custom":{"minecraft:time_since_rest":8652,"minecraft:sprint_one_cm":71133,"minecraft:damage_taken":665,"minecraft:walk_one_cm":77839,"minecraft:mob_kills":5,"minecraft:damage_dealt":720,"minecraft:talked_to_villager":2,"minecraft:swim_one_cm":1684,"minecraft:interact_with_crafting_table":3,"minecraft:fly_one_cm":119024,"minecraft:open_barrel":4,"minecraft:open_chest":3,"minecraft:play_one_minute":42123,"minecraft:crouch_one_cm":1654,"minecraft:deaths":1,"minecraft:sneak_time":452,"minecraft:walk_under_water_one_cm":2099,"minecraft:jump":769,"minecraft:leave_game":4,"minecraft:walk_on_water_one_cm":12638,"minecraft:time_since_death":13350,"minecraft:sleep_in_bed":2,"minecraft:climb_one_cm":1294,"minecraft:fall_one_cm":17628},"minecraft:killed_by":{"minecraft:skeleton":1},"minecraft:killed":{"minecraft:sheep":1,"minecraft:skeleton":2,"born_in_chaos_v1:dread_hound":1,"aoa3:bugeye":1}},"DataVersion":2586}