{"stats":{"minecraft:custom":{"minecraft:open_chest":1,"minecraft:time_since_rest":4692,"minecraft:crouch_one_cm":1288,"minecraft:play_one_minute":15748,"minecraft:sprint_one_cm":25190,"minecraft:damage_taken":20,"minecraft:walk_one_cm":26439,"minecraft:walk_under_water_one_cm":245,"minecraft:sneak_time":256,"minecraft:mob_kills":1,"minecraft:jump":319,"minecraft:damage_dealt":70,"minecraft:walk_on_water_one_cm":5306,"minecraft:leave_game":1,"minecraft:time_since_death":15748,"minecraft:sleep_in_bed":1,"minecraft:climb_one_cm":658,"minecraft:swim_one_cm":713,"minecraft:interact_with_crafting_table":1,"minecraft:fall_one_cm":7030,"minecraft:fly_one_cm":50502,"minecraft:open_barrel":2},"minecraft:crafted":{"minecraft:oak_planks":100,"minecraft:crafting_table":1,"minecraft:stick":4,"minecraft:wooden_pickaxe":1,"minecraft:wooden_axe":1},"minecraft:mined":{"minecraft:grass":10,"minecraft:oak_log":50,"byg:orchard_leaves":287,"byg:ripe_orchard_leaves":37,"byg:flowering_orchard_leaves":30,"byg:short_grass":1,"treechop:chopped_log":24},"minecraft:picked_up":{"minecraft:stick":2,"minecraft:apple":53,"minecraft:wheat_seeds":1,"byg:orchard_sapling":6,"minecraft:oak_log":50,"minecraft:ink_sac":2,"minecraft:mutton":2,"minecraft:white_wool":1},"minecraft:used":{"byg:orchard_sapling":2,"minecraft:wooden_axe":14,"minecraft:apple":2,"minecraft:beef":1,"minecraft:crafting_table":1},"minecraft:killed":{"minecraft:sheep":1}},"DataVersion":2586}